recipient,name
Фізичні особи,Видача витягів з автоматизованої системи ведення земельного кадастру
"Юридичні особи,Фізичні особи,Суб’єкти господарювання","Присвоєння поштової адреси об’єкту нерухомого майна (окрім присвоєння поштової адреси багатоквартирним житловим будинкам, домоволодінням, жилим будинкам садибного типу, індивідуальним дачним та садовим будинкам, гаражним, садовим кооперативам)"
"Юридичні особи,Суб’єкти господарювання",Анулювання ліцензії на виробництво електричної енергії
"Юридичні особи,Суб’єкти господарювання",Видача дубліката Свідоцтва про включення до Державного реєстру уповноважених рейтингових агентств
"Юридичні особи,Суб’єкти господарювання","Державна реєстрація договорів (контрактів) про виробничу кооперацію, спільне виробництво та інші види спільної інвестиційної діяльності за участю іноземного інвестора"
"Юридичні особи,Суб’єкти господарювання",Погодження нормативної документації на конструкцію та обладнання автомобільних транспортних засобів
"Юридичні особи,Суб’єкти господарювання","Узгодження нормативної документації на конструкції колісних транспортних засобів та їх складових частин, на переобладнання колісних транспортних засобів, спеціальні і спеціалізовані колісні транспортні засоби та експлуатаційні матеріали, на устаткування,"
"Юридичні особи,Суб’єкти господарювання",Спеціальний дозвіл на зняття та перенесення грунтового покриву (родючого шару грунту) земельних ділянок
"Юридичні особи,Суб’єкти господарювання",Скасування реєстрації випуску цінних паперів
"Юридичні особи,Суб’єкти господарювання",Скасування реєстрації випуску (випусків) цінних паперів інститутів спільного інвестування
"Юридичні особи,Суб’єкти господарювання",Скасування реєстрації випуску (випусків) інвестиційних сертифікатів інвестиційного фонду (інвестиційної компанії)
"Юридичні особи,Суб’єкти господарювання",Сертифікація лікарського засобу (для міжнародної торгівлі)
"Юридичні особи,Суб’єкти господарювання",Сертифікація відповідності вимогам належної виробничої практики (висновок щодо підтвердження відповідності вимогам належної виробничої практики)
"Юридичні особи,Суб’єкти господарювання",Розгляд скарг платників податків на податкові повідомлення-рішення про визначення сум грошових зобов’язань
"Юридичні особи,Суб’єкти господарювання","Рішення про передачу у власність земельних ділянок, надання у постійне користування земельних ділянок, передачу в оренду земельних ділянок"
"Юридичні особи,Суб’єкти господарювання",Реєстрація фізичних осіб (оцінювачів) у Державному реєстрі оцінювачів
"Юридичні особи,Суб’єкти господарювання",Реєстрація та облік науково-дослідних і дослідно-конструкторських робіт
"Юридичні особи,Суб’єкти господарювання",Реєстрація та облік захищених дисертацій
"Юридичні особи,Суб’єкти господарювання",Реєстрація статутів релігійних організацій
"Юридичні особи,Суб’єкти господарювання",Реєстрація повідомлення про початок виконання підготовчих робіт
"Юридичні особи,Суб’єкти господарювання",Реєстрація повідомлення про початок виконання будівельних робіт
"Юридичні особи,Суб’єкти господарювання","Реєстрація оптово-відпускних цін на лікарські засоби і вироби медичного призначення, що закуповуються за рахунок коштів державного та місцевих бюджетів, ведення відповідного реєстру та надання інформації з нього"
"Юридичні особи,Суб’єкти господарювання",Реєстрація об’єкта у Державному реєстрі потенційно небезпечних об’єктів
"Юридичні особи,Суб’єкти господарювання",Реєстрація книги обліку доходів та книги обліку доходів і витрат платникам єдиного податку
"Юридичні особи,Суб’єкти господарювання",Реєстрація книги обліку доходів і витрат
"Юридичні особи,Суб’єкти господарювання",Реєстрація іноземних інвестицій
"Юридичні особи,Суб’єкти господарювання","Реєстрація зовнішньоекономічних контрактів (договорів) на здійснення експортних операцій з брухтом чорних металів, брухтом легованих чорних металів"
"Юридичні особи,Суб’єкти господарювання",Реєстрація зовнішньоекономічних контрактів (договорів) на здійснення експортних операцій з брухтом кольорових металів
"Юридичні особи,Суб’єкти господарювання","Реєстрація зовнішньоекономічних договорів (контрактів), укладених у сфері космічної діяльності"
"Юридичні особи,Суб’єкти господарювання",Реєстрація змін до проспекту емісії цінних паперів інститутів спільного інвестування
"Юридичні особи,Суб’єкти господарювання",Реєстрація змін до проспекту емісії (змін до інформації про випуск) цінних паперів (крім інститутів спільного інвестування)
"Юридичні особи,Суб’єкти господарювання",Реєстрація змін до істотних умов запозичення у формі розміщення (випуску) облігацій внутрішніх місцевих позик
"Юридичні особи,Суб’єкти господарювання",Реєстрація звіту про результати розміщення (звіту про підсумки випуску) цінних паперів (крім інститутів спільного інвестування)
"Юридичні особи,Суб’єкти господарювання",Реєстрація звіту про результати закритого (приватного) розміщення акцій з метою формування початкового статутного капіталу (фонду) корпоративного інвестиційного фонду
"Юридичні особи,Суб’єкти господарювання",Реєстрація договорів (контрактів) про спільну інвестиційну діяльність без створення юридичної особи
"Юридичні особи,Суб’єкти господарювання",Реєстрація декларації про початок виконання підготовчих робіт або видача дубліката зареєстрованої декларації
"Юридичні особи,Суб’єкти господарювання",Реєстрація декларації про початок виконання будівельних робіт або видача дубліката зареєстрованої декларації
"Юридичні особи,Суб’єкти господарювання",Реєстрація декларації про готовність об’єкта до експлуатації або видача дубліката зареєстрованої декларації
"Юридичні особи,Суб’єкти господарювання",Реєстрація галузевих та обласних (регіональних) страхових фондів документації
"Юридичні особи,Суб’єкти господарювання","Реєстрація власних і торгових назв дорогоцінного каміння, дорогоцінного каміння органогенного утворення, напівдорогоцінного і декоративного каміння з родовищ України"
"Юридичні особи,Суб’єкти господарювання",Реєстрація випуску та проспекту емісії (інформації про випуск) цінних паперів
"Юридичні особи,Суб’єкти господарювання",Реєстрація випуску акцій
"Юридичні особи,Суб’єкти господарювання",Реєстрація випуску (випусків) та проспекту емісії цінних паперів інститутів спільного інвестування
"Юридичні особи,Суб’єкти господарювання",Реєстрація баз персональних даних в Державному реєстрі баз персональних даних
"Юридичні особи,Суб’єкти господарювання",Продовження строку дії дозволу на розміщення зовнішньої реклами
"Юридичні особи,Суб’єкти господарювання",Продовження дії ліцензії на постачання електричної енергії за регульованим тарифом
"Юридичні особи,Суб’єкти господарювання",Продовження дії ліцензії на постачання електричної енергії за нерегульованим тарифом
"Юридичні особи,Суб’єкти господарювання",Продовження дії ліцензії на передачу електричної енергії місцевими (локальними) електричними мережами
"Юридичні особи,Суб’єкти господарювання",Продовження дії ліцензії на передачу електричної енергії магістральними та міждержавними електричними мережами
"Юридичні особи,Суб’єкти господарювання",Продовження дії ліцензії на оптове постачання електричної енергії
"Юридичні особи,Суб’єкти господарювання",Продовження дії ліцензії на комбіноване виробництво теплової та електричної енергії
"Юридичні особи,Суб’єкти господарювання",Продовження дії ліцензії на виробництво електричної енергії
"Юридичні особи,Суб’єкти господарювання",Продовження дії дозволу на право відкриття магазину безмитної торгівлі
"Юридичні особи,Суб’єкти господарювання",Проведення реєстрації харчових добавок та ароматизаторів для харчових продуктів
"Юридичні особи,Суб’єкти господарювання","Проведення державної реєстрації харчових продуктів спеціального дієтичного споживання, функціональних харчових продуктів та дієтичних добавок98"
"Юридичні особи,Суб’єкти господарювання","Проведення державної реєстрації генетично модифікованих організмів джерел харчових продуктів, а також харчових продуктів, косметичних та лікарських засобів, які містять такі організми або отримані з їх використанням"
"Юридичні особи,Суб’єкти господарювання",Присвоєння кваліфікації судового експерта
"Юридичні особи,Суб’єкти господарювання",Присвоєння II-III спортивних розрядів.
"Юридичні особи,Суб’єкти господарювання","Прийом до попереднього розгляду заяв і підготовка документів з ліцензування господарської діяльності з централізованого водопостачання та водовідведення, з виробництва теплової енергії, транспортування її магістральними і місцевими (розподільчими) теплови"
"Юридичні особи,Суб’єкти господарювання",Прийняття рішення про зміну основного місця обліку та переведення великих платників на облік у спеціалізовані чи інші органи ДПС
"Юридичні особи,Суб’єкти господарювання",Приймання податкової звітності платників податків в електронному вигляді засобами телекомунікаційного зв'язку: приймання податкових документів в електронному вигляді
"Юридичні особи,Суб’єкти господарювання",Погодження тексту у маркуванні фасованої питної води
"Юридичні особи,Суб’єкти господарювання","Погодження тексту реклами харчових продуктів для спеціального дієтичного споживання, функціональних харчових продуктів та дієтичних добавок"
"Юридичні особи,Суб’єкти господарювання","Погодження розкладу руху автобусів на міжміських автобусних маршрутах, які не виходять за межі території області"
"Юридичні особи,Суб’єкти господарювання",Погодження режимів рибогосподарської експлуатації водних об’єктів
"Юридичні особи,Суб’єкти господарювання",Погодження проектів лімітів на утворення та розміщення небезпечних відходів
"Юридичні особи,Суб’єкти господарювання","Погодження проектів землеустрою щодо відведення земельних ділянок, рішення стосовно яких приймаються Кабінетом Міністрів України, погоджуються Верховною Радою України"
"Юридичні особи,Суб’єкти господарювання","Погодження проектів відведення земельних ділянок, у тому числі тих, що призначаються для сільськогосподарських потреб, погодження зміни землевласника, землекористувача на території пам’яток та в їх охоронних зонах, на охоронюваних археологічних територіях"
"Юридичні особи,Суб’єкти господарювання","Погодження програм та проектів містобудівних, архітектурних та ландшафтних перетворень, будівельних, меліоративних, шляхових, земляних робіт на пам’ятках національного значення, їх територіях, у зонах охорони, на охоронюваних археологічних територіях, в і"
"Юридичні особи,Суб’єкти господарювання","Погодження проведення заходів, спрямованих на охорону природних комплексів, ліквідацію наслідків аварій, стихійного лиха та в інших цілях, не передбачених проектом організації території природного, біосферного заповідника, національного природного парку"
"Юридичні особи,Суб’єкти господарювання","Погодження проведення гідромеліоративних робіт у місцях, де перебувають водоплавні птахи, хутрові звірі, та промислового вилову рибив місцях, де розводяться бобри і хохулі"
"Юридичні особи,Суб’єкти господарювання",Погодження плану прокладання інженерних мереж
"Юридичні особи,Суб’єкти господарювання","Погодження питань щодо розміщення реклами на пам’ятках національного значення та в зонах їх охорони, в історичних ареалах населених місць"
"Юридичні особи,Суб’єкти господарювання","Погодження питань щодо відчуження або передачі пам’яток їх власниками або уповноваженими ними органами іншим особам у володіння, користування або управління"
"Юридичні особи,Суб’єкти господарювання","Погодження передачі музейних предметів і музейних колекцій, музейних зібрань, що належать до державної частини Музейного фонду України, та предметів музейного значення, що підлягають внесенню до державної частини Музейного фонду України на тимчасове переб"
"Юридичні особи,Суб’єкти господарювання","Погодження паспортів міжміських та приміських автобусних маршрутів регулярних спеціальних перевезень, що виходять за межі території області (міжобласних маршрутів)"
"Юридичні особи,Суб’єкти господарювання","Погодження отримання ліцензії на експорт та імпорт озоноруйнівних речовин та продукції, що їх містить, та видає листи роз’яснення, якщо продукція не містить озоноруйнівних речовин"
"Юридичні особи,Суб’єкти господарювання","Погодження науково-проектної документації на виконання робіт з консервації, реставрації, реабілітації, музеєфікації, ремонту та пристосування пам’яток77"
"Юридичні особи,Суб’єкти господарювання",Погодження науковими установами програм на проведення дослідного вилову водних біоресурсів
"Юридичні особи,Суб’єкти господарювання",Погодження на розміщення реклами.
"Юридичні особи,Суб’єкти господарювання","Погодження місця розміщення підприємств, що здійснюють переробку, утилізацію або знищення вилученої з обігу неякісної, небезпечної продукції"
"Юридичні особи,Суб’єкти господарювання",Погодження місць розміщення об’єктів поводження з небезпечними відходами
"Юридичні особи,Суб’єкти господарювання",Погодження клопотання водокористувачів з обгрунтуванням потреби у воді у разі використання поверхневих вод
"Юридичні особи,Суб’єкти господарювання",Погодження звернення іноземного засобу масової інформації для оформлення довгострокової візи
"Юридичні особи,Суб’єкти господарювання",Погодження заяви про наміри у складі розділу «Оцінки впливів на навколишнє середовище» (ОВНС)
"Юридичні особи,Суб’єкти господарювання",Погодження дендроплану проектної документації
"Юридичні особи,Суб’єкти господарювання",Погодження генерального плану будівництва (реконструкції тощо) об’єкта
"Юридичні особи,Суб’єкти господарювання","Погодження вивезення за межі митної території України як давальницької сировини дорогоцінних металів і дорогоцінного каміння, їх відходів та брухту"
"Юридичні особи,Суб’єкти господарювання",Повідомна реєстрація колективних договорів.
"Юридичні особи,Суб’єкти господарювання",Повідомлення на ввезення на митну територію України незареєстрованих медичних виробів
"Юридичні особи,Суб’єкти господарювання",Підтвердження про державну реєстрацію медичних виробів
"Юридичні особи,Суб’єкти господарювання",Підтвердження законності вилучення водних біоресурсів з середовища їх існування та переробки продуктів лову
"Юридичні особи,Суб’єкти господарювання",Підтвердження закладення технічної та проектної (робочої) документації до страхового фонду документації України
"Юридичні особи,Суб’єкти господарювання","Підготовка та видача списків громадян, які перебувають на квартирному обліку"
"Юридичні особи,Суб’єкти господарювання","Підготовка та видача контрольних списків працівників підприємств, установ, організацій, які перебувають на квартирному обліку в районних в м.Києві державних адміністраціях"
"Юридичні особи,Суб’єкти господарювання",Підготовка проекту рішення Київради щодо погодження клопотання про надання надр у користування
"Юридичні особи,Суб’єкти господарювання",Підготовка нотаріально оформлених документів для їх подальшої консульської легалізації
"Юридичні особи,Суб’єкти господарювання",Переоформлення ліцензії на право провадження господарської діяльності з централізованого водопостачання та водовідведення
"Юридичні особи,Суб’єкти господарювання","Переоформлення ліцензії на право провадження господарської діяльності з виробництва теплової енергії (крім діяльності з виробництва теплової енергії на теплоелектроцентралях, теплоелектростанціях, атомних електростанціях і когенераційних установках та уст"
"Юридичні особи,Суб’єкти господарювання","Переоформлення дозволу на розміщення зовнішньої реклами у випадках зміни найменування суб’єкта господарювання – юридичної особи або прізвища, імені, по батькові фізичної особи-підприємця, зміни місцезнаходження суб’єкта господарювання, набуття права власн"
"Юридичні особи,Суб’єкти господарювання",Переоформлення дозволу на право відкриття магазину безмитної торгівлі
"Юридичні особи,Суб’єкти господарювання",Переоформлення дозволу на використання номерного ресурсу
"Юридичні особи,Суб’єкти господарювання","Переоформлення дозволу на виконання робіт підвищеної небезпеки та на експлуатацію (застосування) машин, механізмів, устатковання підвищеної небезпеки"
"Юридичні особи,Суб’єкти господарювання","Оцінка економічної ефективності інвестиційної пропозиції або інвестиційного проекту, для розроблення та реалізації яких може надаватися державна підтримка, і надання за її результатами експертного висновку"
"Юридичні особи,Суб’єкти господарювання",Оформлення та видача разових (індивідуальних) ліцензій
"Юридичні особи,Суб’єкти господарювання",Оформлення та видача ліцензій на імпорт товарів
"Юридичні особи,Суб’єкти господарювання",Оформлення та видача ліцензій на експорт товарів
"Юридичні особи,Суб’єкти господарювання",Оформлення подання Держкомтелерадіо України для видачі посвідки на тимчасове проживання в Україні працівників іноземних засобів масової інформації
"Юридичні особи,Суб’єкти господарювання","Оформлення нарядів на відпуск та повернення спирту етилового, коньячного і плодового, спирту етилового ректифікованого виноградного, спирту етилового ректифікованого плодового, спирту-сирцю виноградного, спирту-сирцю плодового, спирту етилового ректифіков"
"Юридичні особи,Суб’єкти господарювання",Організація державної експертизи у сфері криптографічного захисту інформації
"Юридичні особи,Суб’єкти господарювання",Надання платникам повідомлення про виявлені розбіжності між податковим зобов’язанням/податковим кредитом платників та їх контрагентів
"Юридичні особи,Суб’єкти господарювання",Надання ордера на видалення зелених насаджень
"Юридичні особи,Суб’єкти господарювання",Надання ордера  на проведення земляних робіт
"Юридичні особи,Суб’єкти господарювання",Надання ІІ категорії дитячо-юнацьким спортивним школам.
"Юридичні особи,Суб’єкти господарювання",Надання дозволу на відновлення земляних робіт
"Юридичні особи,Суб’єкти господарювання",Надання дозволу на виготовлення документів страхового фонду
"Юридичні особи,Суб’єкти господарювання",Надання відомостей з Єдиного реєстру податкових накладних
"Юридичні особи,Суб’єкти господарювання",Надання відомостей з Єдиного державного реєстру юридичних осіб та фізичних осіб-підприємців у вигляді довідки.
"Юридичні особи,Суб’єкти господарювання",Надання відомостей з Єдиного державного реєстру юридичних осіб та фізичних осіб-підприємців у вигляді витягу.
"Юридичні особи,Суб’єкти господарювання",Надання відомостей з Єдиного державного реєстру юридичних осіб та фізичних осіб-підприємців у вигляді виписки.
"Юридичні особи,Суб’єкти господарювання",Надання вищої категорії дитячо-юнацьким спортивним школам
"Юридичні особи,Суб’єкти господарювання",Надання витягу (довідки) з Національного реєстру донорів крові і її компонентів
"Юридичні особи,Суб’єкти господарювання","Надання витягу (довідки) з державного реєстру ліцензіатів з переробки донорської крові та її компонентів, виготовлення з них препаратів, діяльності банків пуповинної крові, інших тканин і клітин людини"
"Юридичні особи,Суб’єкти господарювання","Надання архівних довідок та копій документів, які зберігаються"
"Юридичні особи,Суб’єкти господарювання",Легалізація спілок об’єднань громадян шляхом повідомлення про заснування
"Юридичні особи,Суб’єкти господарювання",Легалізація всеукраїнських об’єднань громадян шляхом повідомлення про заснування
"Юридичні особи,Суб’єкти господарювання",Зупинення обігу цінних паперів (крім інститутів спільного інвестування)
"Юридичні особи,Суб’єкти господарювання","Здійснення підготовки нотаріально оформлених документів для їх консульської легалізації, призначених для використання на території інших держав"
"Юридичні особи,Суб’єкти господарювання","Здійснення перевірки на відповідність вимогам Закону України ""Про металобрухт"" та Ліцензійним умовам провадження господарської діяльності із заготівлі, переробки, металургійної переробки металобрухту кольорових та чорних металів, затверджених наказом Міні"
"Юридичні особи,Суб’єкти господарювання",Здійснення державної реєстрації/перереєстрації проектів (програм) міжнародної технічної допомоги
"Юридичні особи,Суб’єкти господарювання",Здійснення державної реєстрації/перереєстрації проектів (програм) міжнародної технічної допомоги
"Юридичні особи,Суб’єкти господарювання","Здійснення державної екологічної експертизи стосовно об’єктів, рішення щодо затвердження (схвалення) яких приймається Кабінетом Міністрів України"
"Юридичні особи,Суб’єкти господарювання",Здійснення акредитації виконавців (юридичних осіб – нерезидентів) проектів (програм) міжнародної технічної допомоги з видачею свідоцтва
"Юридичні особи,Суб’єкти господарювання","Затвердження тексту для етикетування харчових продуктів спеціального дієтичного споживання, функціональних харчових продуктів, дієтичних добавок"
"Юридичні особи,Суб’єкти господарювання",Затвердження розрахункових лісосік заготівлі деревини у порядку рубок головного користування
"Юридичні особи,Суб’єкти господарювання","Затвердження паспортів міжнародних та міжміських і приміських автобусних маршрутів, що виходять за межі території області (міжобласних маршрутів)"
"Юридичні особи,Суб’єкти господарювання",Затвердження лімітів на утворення та розміщення відходів
"Юридичні особи,Суб’єкти господарювання",Затвердження лімітів на спеціальне використання природних ресурсів у межах територій та об’єктів природно-заповідного фонду загальнодержавного значення
"Юридичні особи,Суб’єкти господарювання",Затвердження згідно із законодавством лімітів та квот на спеціальне використання ресурсів об’єктів тваринного та рослинного світу (крім водних живих ресурсів)
"Юридичні особи,Суб’єкти господарювання",Заміна свідоцтва про реєстрацію випуску цінних паперів
"Юридичні особи,Суб’єкти господарювання",Забезпечення передачі майна творчим спілкам
"Юридичні особи,Суб’єкти господарювання","Експертиза доцільності реструктуризації підприємств, які мають стратегічне значення для економіки та безпеки держави"
"Юридичні особи,Суб’єкти господарювання",Допуск цінних паперів іноземних емітентів до обігу на території України
"Юридичні особи,Суб’єкти господарювання","Дозвіл на проведення робіт на пам’ятках місцевого значення (крім пам’яток археології), їх територіях та в зонах охорони, реєстрація дозволів на проведення археологічних розвилок, розкопок."
"Юридичні особи,Суб’єкти господарювання","Дозвіл на проведення будь-яких діагностичних, експериментальних, випробувальних, вимірювальних робіт на підприємствах, в установах, організаціях, діяльність яких пов’язана з використанням біологічних агентів, хімічної сировини,продукції та речовин з джере"
"Юридичні особи,Суб’єкти господарювання","Дозвіл на початок роботи новостворених підприємств, впровадження нових технологій, передачу у виробництво зразків нових пожежонебезпечних машин, механізмів, устаткування та продукції, оренду будь-яких приміщень від органів державного пожежного нагляду"
"Юридичні особи,Суб’єкти господарювання",Дозвіл на переміщення (перенесення) пам’яток місцевого значення
"Юридичні особи,Суб’єкти господарювання","Дозвіл на застосування машин, механізмів, устатковання підвищеної небезпеки"
"Юридичні особи,Суб’єкти господарювання","Дозвіл на експлуатацію машин, механізмів, устатковання підвищеної небезпеки"
"Юридичні особи,Суб’єкти господарювання",Дозвіл на відключення від мереж ЦО і ГВП і порядок одержання технічних умов і дозволів для устрою альтернативного індивідуального опалення
"Юридичні особи,Суб’єкти господарювання",Дозвіл на виконання топографо-геодезичних робіт.
"Юридичні особи,Суб’єкти господарювання",Дозвіл на виконання робіт підвищеної небезпеки
Суб’єкти господарювання,Державна реєстрація фізичної особи - підприємця.
Суб’єкти господарювання,Державна реєстрація припинення підприємницької діяльності фізичної особи-підприємця.
"Юридичні особи,Суб’єкти господарювання",Державна реєстрація іноземних інвестицій
"Юридичні особи,Суб’єкти господарювання",Державна реєстрація інноваційних проектів
"Юридичні особи,Суб’єкти господарювання","Державна реєстрація інвестиційних проектів, для реалізації яких може надаватися державна підтримка, та проектних (інвестиційних) пропозицій, на основі яких готуються інвестиційні проекти, для розроблення яких може надаватися державна підтримка з видачею витягу з Державного реєстру інвестиційних проектів та проектних (інвестиційних) пропозицій"
Суб’єкти господарювання,"Державна реєстрація змін до відомостей про фізичну особу-підприємця, які містяться в Єдиному державному реєстрі юридичних осіб та фізичних осіб-підприємців."
"Юридичні особи,Суб’єкти господарювання",Державна реєстрація договорів із трансферу технологій та ведення державного реєстру таких договорів
"Юридичні особи,Суб’єкти господарювання",Державна реєстрація дезінфекційних засобів
"Юридичні особи,Суб’єкти господарювання",Державна акредитація фізичних і юридичних осіб на право проведення наукової та науково-технічної експертизи
"Юридичні особи,Суб’єкти господарювання",Державна акредитація технологічних брокерів
"Юридичні особи,Суб’єкти господарювання",Державна акредитація закладів охорони здоров’я
"Юридичні особи,Суб’єкти господарювання",Декларація відповідності матеріально-технічної бази роботодавця вимогам законодавства з питань охорони праці та промислової безпеки
"Юридичні особи,Суб’єкти господарювання",Галузева атестація лабораторій з контролю якості та безпеки лікарських засобів
"Юридичні особи,Суб’єкти господарювання","Внесення суб'єкта видавничої справи до Державного реєстру видавців,  виготовлювачів  і розповсюджувачів видавничої продукції"
"Юридичні особи,Суб’єкти господарювання","Внесення суб’єктів господарювання до реєстру операторів, провайдерів телекомунікацій"
"Юридичні особи,Суб’єкти господарювання",Внесення змін до розкладу руху міжобласних автобусних маршрутів
"Юридичні особи,Суб’єкти господарювання","Внесення змін до Реєстру радіоелектронних засобів та випромінювальних пристроїв, що можуть застосовуватися на території України"
"Юридичні особи,Суб’єкти господарювання","Внесення змін до реєстру операторів, провайдерів телекомунікацій"
"Юридичні особи,Суб’єкти господарювання",Внесення змін до дозволу на розміщення зовнішньої реклами
"Юридичні особи,Суб’єкти господарювання","Внесення змін до відомостей, що містяться в Державному реєстрі баз персональних даних, про зареєстровану базу персональних даних"
"Юридичні особи,Суб’єкти господарювання","Внесення змін до відомостей про юридичну особу, що містяться в Єдиному державному реєстрі юридичних осіб та фізичних осіб-підприємців і не пов’язані зі змінами до установчих документів."
"Юридичні особи,Суб’єкти господарювання","Внесення до Реєстру радіоелектронних засобів та випромінювальних пристроїв, що можуть застосовуватися на території України нового типу радіоелектронного засобу або випромінювального пристрою"
"Юридичні особи,Суб’єкти господарювання","Включення/виключення до/з Державного реєстру реєстраторів розрахункових операцій моделей реєстраторів розрахункових операцій, їх модифікацій вітчизняного та іноземного виробництва, розширення переліку версій внутрішнього програмного забезпечення моделей,"
"Юридичні особи,Суб’єкти господарювання","Включення до Державного реєстру підприємств, установ, організацій, які займаються розробкою, впровадженням та використанням енергозберігаючих заходів та енергоефективних проектів"
"Юридичні особи,Суб’єкти господарювання",Включення відомостей про юридичну особу до Єдиного державного реєстру юридичних осіб та фізичних осіб-підприємців.
Суб’єкти господарювання,Включення відомостей про фізичну особу – підприємця до Єдиного державного реєстру юридичних осіб та фізичних осіб - підприємців
"Юридичні особи,Суб’єкти господарювання",Відновлення обігу акцій
"Юридичні особи,Суб’єкти господарювання","Висновок державної санітарно-епідеміологічної експертизи продукції, напівфабрикатів,речовин, матеріалів та небезпечних факторів, використання, передача або збут яких може завдати шкоди здоров'ю людей (Київська міська санітарно – епідеміологічна станція)"
"Юридичні особи,Суб’єкти господарювання","Висновок державної санітарно-епідеміологічної експертизи на діючий об`єкт, у тому числі військового та оборонного призначення (Київська міська санітарно – епідеміологічна станція)"
"Юридичні особи,Суб’єкти господарювання",Висновок державної санітарно-епідеміологічної експертизи матеріалів щодо поводження з відходами для затвердження і переліку лімітів на утворення і розміщення відходів
"Юридичні особи,Суб’єкти господарювання",Висновок державної санітарно-епідеміологічної експертизи матеріалів щодо поводження з відходами для затвердження і переліку лімітів на утворення і розміщення відходів
"Юридичні особи,Суб’єкти господарювання","Висновок державної санітарно-епідеміологічної експертизи діючих об'єктів, у тому числі військового та оборонного призначення (ДЗ «Санітарно-епідеміологічна станція на Південно-Західній залізниці» МОЗ України/ДЗ «Київська лінійна санітарно-епідеміологічна"
"Юридичні особи,Суб’єкти господарювання",Вилучення інституту спільного інвестування з Єдиного державного реєстру інститутів спільного інвестування
"Юридичні особи,Суб’єкти господарювання",Визначення переможця(ів) конкурсу з визначення уповноважених рейтингових агентств
"Юридичні особи,Суб’єкти господарювання",Визначення можливості застосування радіоелектронного засобу або випромінювального пристрою на території України
"Юридичні особи,Суб’єкти господарювання","Визнання недійсною ліцензії на транспортування природного, нафтового газу і газу (метану) вугільних родовищ трубопроводами"
"Юридичні особи,Суб’єкти господарювання",Визнання недійсною ліцензії на транспортування нафтопродуктів магістральними трубопроводами
"Юридичні особи,Суб’єкти господарювання",Визнання недійсною ліцензії на транспортування нафти магістральними трубопроводами
"Юридичні особи,Суб’єкти господарювання","Визнання недійсною ліцензії на розподіл природного, нафтового газу і газу (метану) вугільних родовищ"
"Юридичні особи,Суб’єкти господарювання","Визнання недійсною ліцензії на постачання природного газу, газу (метану) вугільних родовищ за регульованим тарифом"
"Юридичні особи,Суб’єкти господарювання","Визнання недійсною ліцензії на постачання природного газу, газу (метану) вугільних родовищ за нерегульованим тарифом"
"Юридичні особи,Суб’єкти господарювання","Визнання недійсною ліцензії на зберігання природного газу, газу (метану) вугільних родовищ в обсягах, що перевищують рівень, встановлений ліцензійними умовами"
"Юридичні особи,Суб’єкти господарювання","Визнання недійсною ліцензії на виробництво теплової енергії на теплоелектроцентралях, когенераційних установках та установках з використанням нетрадиційних або поновлюваних джерел енергії"
"Юридичні особи,Суб’єкти господарювання",Визнання недійсними ліцензій у сфері централізованого водопостачання та водовідведення
"Юридичні особи,Суб’єкти господарювання",Визнання недійсними ліцензій у сфері теплопостачання
"Юридичні особи,Суб’єкти господарювання","Визнання інституту спільного інвестування як такого, що відповідає вимогам щодо мінімального обсягу активів ІСІ або визнання випуску цінних паперів ІСІ таким, що не відбувся"
"Юридичні особи,Суб’єкти господарювання",Видача форми реєстрації уловів (реекспорту) антарктичного та патагонського іклачів
"Юридичні особи,Суб’єкти господарювання",Видача торгового патенту
"Юридичні особи,Суб’єкти господарювання",Видача суб’єктам діяльності на територіях зони відчуження і зони безумовного (обов’язкового) відселення спеціальних дозволів
"Юридичні особи,Суб’єкти господарювання",Видача сертифікату Кімберлійського процесу
"Юридичні особи,Суб’єкти господарювання",Видача сертифікату екологічного аудитора
"Юридичні особи,Суб’єкти господарювання",Видача свідоцтва про уповноваження органу із сертифікації
"Юридичні особи,Суб’єкти господарювання",Видача свідоцтва про страхування або інше фінансове забезпечення цивільної відповідальності за шкоду від забруднення нафтою
"Юридичні особи,Суб’єкти господарювання","Видача свідоцтва про стабільність і надводний борт судна, що не підлягає нагляду класифікаційного товариства"
"Юридичні особи,Суб’єкти господарювання",Видача свідоцтва про реєстрацію сільськогосподарського підприємства як суб’єкта спеціального режиму оподаткування податком на додану вартість
"Юридичні особи,Суб’єкти господарювання",Видача свідоцтва про реєстрацію професійних спілок
"Юридичні особи,Суб’єкти господарювання",Видача свідоцтва про реєстрацію платника податку на додану вартість
"Юридичні особи,Суб’єкти господарювання",Видача свідоцтва про реєстрацію нерухомих об’єктів культурної спадщини як пам’яток їх власникам
"Юридичні особи,Суб’єкти господарювання",Видача свідоцтва про призначення органу із сертифікації в державній системі сертифікації
"Юридичні особи,Суб’єкти господарювання",Видача свідоцтва про отримання повноважень на здійснення діяльності щодо попередньої ідентифікації товарів у галузі державного експортного контролю
"Юридичні особи,Суб’єкти господарювання",Видача Свідоцтва про належність палива до альтернативного та ведення реєстру альтернативних видів палива
"Юридичні особи,Суб’єкти господарювання",Видача Свідоцтва про кваліфікацію когенераційної установки
"Юридичні особи,Суб’єкти господарювання",Видача свідоцтва про загальнообов’язкове державне соціальне страхування
"Юридичні особи,Суб’єкти господарювання",Видача свідоцтва про державну реєстрацію символіки політичної партії
"Юридичні особи,Суб’єкти господарювання","Видача свідоцтва про державну атестацію системи внутрішньофірмового експортного контролю, створеної суб’єктом здійснення міжнародних передач товарів"
"Юридичні особи,Суб’єкти господарювання",Видача свідоцтва про встановлення класу автобуса за параметрами комфортності
"Юридичні особи,Суб’єкти господарювання","Видача свідоцтва про внесення до реєстру наукових установ, яким надається підтримка держави"
"Юридичні особи,Суб’єкти господарювання","Видача свідоцтва про відповідність транспортного засобу вимогам Угоди про міжнародні перевезення швидкопсувних харчових продуктів та про спеціальні транспортні засоби, які призначені для цих перевезень (Свідоцтво УПШ)"
"Юридичні особи,Суб’єкти господарювання",Видача свідоцтва про відповідність компанії та суден вимогам Міжнародного кодексу з управління безпечною експлуатацією суден і попередженням забруднення 1993 року
"Юридичні особи,Суб’єкти господарювання",Видача свідоцтва про атестацію автостанції за результатами атестації автостанції
"Юридичні особи,Суб’єкти господарювання",Видача свідоцтва про атестацію аварійно-рятувальних служб та рятувальників
"Юридичні особи,Суб’єкти господарювання",Видача свідоцтва платника єдиного податку
"Юридичні особи,Суб’єкти господарювання",Видача свідоцтв про облік організацій колективного управління
"Юридичні особи,Суб’єкти господарювання",Видача свідоцтв про внесення відомостей до Реєстру виробників та розповсюджувачів програмного забезпечення
"Юридичні особи,Суб’єкти господарювання",Видача свідоцтв про визначення організації колективного управління уповноваженою організацією
"Юридичні особи,Суб’єкти господарювання","Видача рішень про розпорядження активами, що належать господарським товариствам"
"Юридичні особи,Суб’єкти господарювання",Видача рішення щодо введення родовища або окремого покладу нафти і газу у промислову розробку
"Юридичні особи,Суб’єкти господарювання",Видача рішення щодо введення родовища або окремого покладу нафти і газу в дослідно-промислову розробку
"Юридичні особи,Суб’єкти господарювання","Видача рішення щодо введення підземних сховищ нафти, газу чи продуктів їх переробки у дослідно-промислову та промислову експлуатацію"
"Юридичні особи,Суб’єкти господарювання","Видача реєстраційного свідоцтва та занесення організації до Переліку установ, організацій та закладів, яким надається право на розробку документів, що обґрунтовують обсяги викидів для підприємств, установ, організацій та громадян – суб’єктів підприємницьк"
"Юридичні особи,Суб’єкти господарювання",Видача разових (індивідуальних) ліцензій
"Юридичні особи,Суб’єкти господарювання",Видача повідомлення про включення/невключення до Реєстру великих платників податків
"Юридичні особи,Суб’єкти господарювання",Видача пенсійного посвідчення
"Юридичні особи,Суб’єкти господарювання",Видача настанови із збереження плавучості і стабільності судна
"Юридичні особи,Суб’єкти господарювання","Видача ліцензійних карток до ліцензій на надання послуг з перевезення пасажирів, небезпечних вантажів автомобільним транспортом"
"Юридичні особи,Суб’єкти господарювання",Видача ліцензій на освітню діяльність
"Юридичні особи,Суб’єкти господарювання",Видача ліцензії на право провадження господарської діяльності з централізованого водопостачання та водовідведення
"Юридичні особи,Суб’єкти господарювання",Видача ліцензії на право провадження господарської діяльності з транспортування теплової енергії магістральними та місцевими (розподільчими) тепловими мережами
"Юридичні особи,Суб’єкти господарювання",Видача ліцензії на право провадження господарської діяльності з постачання теплової енергії
"Юридичні особи,Суб’єкти господарювання",Видача листа-повідомлення щодо можливості ввезення на митну територію України незареєстрованих лікарських засобів з метою індивідуального використання громадянами
"Юридичні особи,Суб’єкти господарювання",Видача копії ліцензії на право провадження господарської діяльності з централізованого водопостачання та водовідведення
"Юридичні особи,Суб’єкти господарювання",Видача копії ліцензії на право провадження господарської діяльності з транспортування теплової енергії магістральними та місцевими (розподільчими) тепловими мережами
"Юридичні особи,Суб’єкти господарювання",Видача копії ліцензії на право провадження господарської діяльності з постачання теплової енергії
"Юридичні особи,Суб’єкти господарювання","Видача копії ліцензії на право провадження господарської діяльності з виробництва теплової енергії (крім діяльності з виробництва теплової енергії на теплоелектроцентралях, теплоелектростанціях, атомних електростанціях і когенераційних установках та устан"
"Юридичні особи,Суб’єкти господарювання",Видача завдань на розроблення розділу «Інженерно-технічних заходів цивільного захисту «цивільної оборони» у містобудівній документації»
"Юридичні особи,Суб’єкти господарювання","Видача експлуатаційних дозволів для провадження діяльності: на потужностях (об’єктах) з переробки неїстівних продуктів тваринного походження, на потужностях (об’єктах) з виробництва, змішування та приготування кормових добавок, преміксів і кормів"
"Юридичні особи,Суб’єкти господарювання",Видача дублікату свідоцтва про державну реєстрацію символіки політичної партії
"Юридичні особи,Суб’єкти господарювання","Видача дубліката сертифіката, який видається при прийнятті закінченого будівництвом об’єкта: IV категорія складності, V категорія складності"
"Юридичні особи,Суб’єкти господарювання",Видача дубліката свідоцтва про реєстрацію випуску цінних паперів
"Юридичні особи,Суб’єкти господарювання",Видача дубліката ліцензії на право провадження господарської діяльності з централізованого водопостачання та водовідведення
"Юридичні особи,Суб’єкти господарювання","Видача дубліката ліцензії на право провадження господарської діяльності з виробництва теплової енергії (крім діяльності з виробництва теплової енергії на теплоелектроцентралях, теплоелектростанціях, атомних електростанціях і когенераційних установках"
"Юридичні особи,Суб’єкти господарювання",Видача дубліката ліцензії на постачання електричної енергії за регульованим тарифом
"Юридичні особи,Суб’єкти господарювання",Видача дубліката ліцензії на постачання електричної енергії за нерегульованим тарифом
"Юридичні особи,Суб’єкти господарювання",Видача дубліката ліцензії на передачу електричної енергії місцевими (локальними) електричними мережами
"Юридичні особи,Суб’єкти господарювання",Видача дубліката ліцензії на передачу електричної енергії магістральними та міждержавними електричними мережами
"Юридичні особи,Суб’єкти господарювання",Видача дубліката ліцензії на оптове постачання електричної енергії
"Юридичні особи,Суб’єкти господарювання",Видача дубліката ліцензії на комбіноване виробництво теплової та електричної енергії
"Юридичні особи,Суб’єкти господарювання",Видача дубліката ліцензії на виробництво електричної енергії
"Юридичні особи,Суб’єкти господарювання",Видача дозволу щодо розміщення об’єктів зовнішньої реклами
"Юридичні особи,Суб’єкти господарювання","Видача дозволу на утримання диких тварин, у тому числі видів, які занесені до Червоної книги України, у напіввільних умовах чи у неволі"
"Юридичні особи,Суб’єкти господарювання","Видача дозволу на транскордонне переміщення об’єктів рослинного та тваринного світу відповідно до вимог Конвенції про міжнародну торгівлю видами дикої фауни і флори, що перебувають під загрозою зникнення"
"Юридичні особи,Суб’єкти господарювання",Видача дозволу на транскордонне переміщення небезпечних відходів
"Юридичні особи,Суб’єкти господарювання",Видача дозволу на транзитне переміщення незареєстрованих в Україні генетично модифікованих організмів
"Юридичні особи,Суб’єкти господарювання",Видача дозволу на створення та поповнення зоологічних колекцій шляхом вилучення тварин із природного середовища
"Юридичні особи,Суб’єкти господарювання",Видача дозволу на спеціальне використання природних рослинних угруповань занесених до Зеленої книги України
"Юридичні особи,Суб’єкти господарювання",Видача дозволу на спеціальне використання диких тварин
"Юридичні особи,Суб’єкти господарювання",Видача дозволу на спеціальне використання водних біоресурсів у рибогосподарських водних об’єктах (їх частинах)
"Юридичні особи,Суб’єкти господарювання",Видача дозволу на спеціальне використання водних біоресурсів за межами юрисдикції України
"Юридичні особи,Суб’єкти господарювання",Видача дозволу на розміщення зовнішньої реклами
"Юридичні особи,Суб’єкти господарювання",Видача дозволу на реекспорт товарів іноземного походження та товарів українського походження
"Юридичні особи,Суб’єкти господарювання","Видача дозволу на проведення спортивних заходів на воді, водних свят"
"Юридичні особи,Суб’єкти господарювання","Видача дозволу на проведення робіт на пам’ятках, їх територіях і в зонах охорони, на охоронюваних археологічних територіях, в історичних ареалах населених місць"
"Юридичні особи,Суб’єкти господарювання","Видача дозволу на проведення робіт на землях, зайнятих морями"
"Юридичні особи,Суб’єкти господарювання",Видача дозволу на проведення заходів із залученням тварин
"Юридичні особи,Суб’єкти господарювання","Видача дозволу на проведення днопоглиблювальних робіт та робіт з прокладання кабелів, трубопроводів та інших комунікацій на землях водного фонду (крім будівельних робіт і робіт на землях прибережних захисних смуг морів і на землях, зайнятих морями)"
"Юридичні особи,Суб’єкти господарювання","Видача дозволу на проведення археологічних розвідок, розкопок, інших земляних робіт на території пам’ятки, охоронюваній археологічній території, у зонах охорони, в історичних ареалах населених місць, а також досліджень решток життєдіяльності людини, що мі"
"Юридичні особи,Суб’єкти господарювання","Видача дозволу на провадження діяльності, пов’язаної зі штучними змінами стану атмосфери та атмосферних явищ у господарських цілях"
"Юридичні особи,Суб’єкти господарювання",Видача дозволу на провадження державної апробації (випробування) генетично модифікованих організмів у відкритій системі
"Юридичні особи,Суб’єкти господарювання","Видача дозволу на право транзиту через територію України наркотичних засобів, психотропних речовин і прекурсорів"
"Юридичні особи,Суб’єкти господарювання","Видача дозволу на переселення тварин у нові місця перебування, акліматизацію нових для фауни України видів диких тварин, на проведення заходів щодо схрещування диких тварин"
"Юридичні особи,Суб’єкти господарювання",Видача дозволу на переміщення (перенесення) пам’яток місцевого значення
"Юридичні особи,Суб’єкти господарювання",Видача дозволу на особливе перевезення внутрішніми водними шляхами
"Юридичні особи,Суб’єкти господарювання","Видача дозволу на імпорт в Україну наркотичних засобів, психотропних речовин і прекурсорів, що надходять як гуманітарна допомога, у випадках стихійного лиха, катастроф та епідемій, або мають бути ввезені на територію України як зразки для МОЗ"
"Юридичні особи,Суб’єкти господарювання","Видача дозволу на імпорт в Україну водних біоресурсів, продуктів харчування та переробки з них за кількістю та видовим складом"
"Юридичні особи,Іноземні громадяни,Суб’єкти господарювання",Видача дозволу на імпорт в Україну
"Юридичні особи,Суб’єкти господарювання",Видача дозволу на здійснення операцій у сфері поводження з небезпечними відходами
"Юридичні особи,Суб’єкти господарювання","Видача дозволу на експорт з України наркотичних засобів, психотропних речовин і прекурсорів, що надходять як гуманітарна допомога, у випадках стихійного лиха, катастроф та епідемій"
"Юридичні особи,Суб’єкти господарювання",Видача дозволу на відчуження державного майна
"Юридичні особи,Суб’єкти господарювання",Видача дозволу на відкриття магазину безмитної торгівлі
"Юридичні особи,Суб’єкти господарювання","Видача дозволу на виробництво, зберігання, транспортування, використання, захоронення, знищення та утилізацію отруйних речовин, у тому числі продуктів біотехнології та інших біологічних агентів28"
"Юридичні особи,Суб’єкти господарювання","Видача дозволу на використання залишків пестицидів і агрохімікатів, термін реєстрації яких закінчився"
"Юридичні особи,Суб’єкти господарювання","Видача дозволу на виконання робіт підвищеної небезпеки та на експлуатацію (застосування) машин, механізмів, устаткування підвищеної небезпеки"
"Юридичні особи,Суб’єкти господарювання",Видача дозволу на виконання будівельних робіт або дубліката дозволу на виконання будівельних робіт
"Юридичні особи,Суб’єкти господарювання","Видача дозволу на викиди забруднюючих речовин, для яких не встановлено відповідних нормативів екологічної безпеки для об’єктів першої групи"
"Юридичні особи,Суб’єкти господарювання",Видача дозволу на викиди забруднюючих речовин в атмосферне повітря стаціонарними джерелами для об’єктів першої групи
"Юридичні особи,Суб’єкти господарювання",Видача дозволу на вивільнення генетично модифікованих організмів у відкритій системі
"Юридичні особи,Суб’єкти господарювання","Видача дозволу на ввезення на територію України тварин, продуктів тваринного походження, репродуктивного матеріалу, біологічних продуктів, патологічного матеріалу, ветеринарних препаратів, субстанцій, кормових добавок, преміксів та кормів"
"Юридичні особи,Суб’єкти господарювання","Видача дозволу на ввезення на митну територію України незареєстрованних пестицидів і агрохімікатів, що використовуються для державних випробувань і наукових досліджень, а також обробленого ними насіннєвого (посадкового) матеріалу"
"Юридичні особи,Суб’єкти господарювання","Видача дозволу на  початок роботи новостворених підприємств, впровадження нових технологій, передача для виробництва зразків нових пожежонебезпечних машин, механізмів, устаткування та продукції, оренду будь-яких приміщень (крім випадків вчинення певних ді"
"Юридичні особи,Суб’єкти господарювання","Видача дозволів суднам на захід до річкових портів України під прапорами держав, з якими не укладені міжнародні договори про судноплавство на внутрішніх водних шляхах"
"Юридичні особи,Суб’єкти господарювання",Видача дозволів на туристичний супровід
"Юридичні особи,Суб’єкти господарювання",Видача дозволів на спеціальне використання природних рослинних ресурсів загальнодержавного значення
"Юридичні особи,Суб’єкти господарювання","Видача дозволів на розміщення, обіг цінних паперів українських емітентів за межами України"
"Юридичні особи,Суб’єкти господарювання","Видача дозволів на імпорт та експорт зразків видів дикої фауни і флори, сертифікатів на пересувні виставки, реекспорт та інтродукцію з моря зразків осетрових риб і виробленої з них продукції, які є об’єктами регулювання Конвенції про міжнародну торгівлю в"
"Юридичні особи,Суб’єкти господарювання",Видача дозволів на відновлення земляних робіт
"Юридичні особи,Суб’єкти господарювання","Видача дозволів   суб'єктам  космічної  діяльності  України  на проведення  переговорів  з  іноземними  суб'єктами   господарської діяльності   з   питань   дослідження  і  використання  космічного простору,   виробництва   та   експлуатації   космічної"
"Юридичні особи,Суб’єкти господарювання","Видача довідок про внесення місця зберігання спирту суб’єктів підприємницької діяльності - виробників спирту та алкогольних напоїв, місця зберігання спирту суб’єктів підприємницької діяльності, які отримують спирт для забезпечення виробничих та інших потр"
"Юридичні особи,Суб’єкти господарювання",Видача довідок про внесення місця зберігання оптових та роздрібних партій алкогольних напоїв та тютюнових виробів до Єдиного державного реєстру місць зберігання
"Юридичні особи,Суб’єкти господарювання",Видача довідок про відсутність (наявність) обмежень (обтяжень) на земельну ділянку.
"Юридичні особи,Суб’єкти господарювання",Видача довідок з Державного реєстру суб’єктів оціночної діяльності
"Юридичні особи,Суб’єкти господарювання",Видача довідки про функціональне призначення тимчасової споруди (MAФ)
"Юридичні особи,Суб’єкти господарювання",Видача довідки про сплату роботодавцем податків та зборів (обов'язкових платежів)
"Юридичні особи,Суб’єкти господарювання","Видача довідки про сплату податку на доходи фізичних осіб платником податку – резидентом, який виїжджає за кордон на постійне місце проживання, та про відсутність податкових зобов’язань з цього податку"
"Юридичні особи,Суб’єкти господарювання",Видача довідки про подану декларацію про майновий стан і доходи (податкову декларацію)
"Юридичні особи,Суб’єкти господарювання","Видача довідки про підтвердження пільг з оподаткування при митному оформленні товарів, які надходять у рамках міжнародних договорів з надання Україні міжнародної технічної допомоги"
"Юридичні особи,Суб’єкти господарювання",Видача довідки про набуття або підтвердження сільськогосподарським товаровиробником статусу платника фіксованого сільськогосподарського податку
"Юридичні особи,Суб’єкти господарювання","Видача довідки про відсутність заборгованості з платежів до бюджету, що контролюються органами доходів і зборів"
"Юридичні особи,Суб’єкти господарювання","Видача гірничих відводів для розроблення родовищ корисних копалин загальнодержавного значення, будівництва та експлуатації підземних споруд та інших цілей, не пов’язаних з видобуванням корисних копалин"
"Юридичні особи,Суб’єкти господарювання",Видача висновку щодо продовження строків розрахунків за зовнішньоекономічними операціями
"Юридичні особи,Суб’єкти господарювання",Видача висновку про якість ввезених лікарських засобів
"Юридичні особи,Суб’єкти господарювання","Видача висновку про те, що товари, які використовуються для розвитку виробництва і забезпечення споживання біологічних видів палива, не виробляються та не мають аналогів в Україні"
"Юридичні особи,Суб’єкти господарювання",Видача видавництвам та підприємствам книгорозповсюдження довідки про випуск та/або розповсюдження не менш як 50 відсотків книжкової продукції державною мовою
"Юридичні особи,Суб’єкти господарювання","Видача атестата відповідності комплексних систем захисту інформації інформаційних, телекомунікаційних та інформаційно-телекомунікаційних систем вимогам нормативних документів з технічного захисту інформації"
"Юридичні особи,Суб’єкти господарювання",Видача акту техничного стану будинку на предмет аварійності окремих конструктивних елементів будинку або будинку в цілому
"Юридичні особи,Суб’єкти господарювання","Ведення реєстру, видача виписки з реєстру гідротехнічних споруд рибогосподарських водних об’єктів щодо їх технічної експлуатації та використання"
"Юридичні особи,Суб’єкти господарювання",Ведення реєстру концесійних договорів
"Юридичні особи,Суб’єкти господарювання","Ведення реєстру аудиторів і аудиторських фірм, які можуть проводити аудиторські перевірки фінансових установ, що здійснюють діяльність на ринку цінних паперів та їх похідних"
"Юридичні особи,Суб’єкти господарювання","Ведення обліку та присвоєння номерів суб’єктам господарювання, які здійснюють консервне та пресервне виробництво"
"Юридичні особи,Суб’єкти господарювання",Ведення Єдиного реєстру об’єктів державної власності та надання інформації (відомості або витяг) з нього
"Юридичні особи,Суб’єкти господарювання",Ведення Єдиного електронного всеукраїнського реєстру спортивних споруд
"Юридичні особи,Суб’єкти господарювання","Ведення державного реєстру фінансових установ, які надають фінансові послуги на ринку цінних паперів"
"Юридичні особи,Суб’єкти господарювання",Ведення Державного реєстру уповноважених рейтингових агентств
"Юридичні особи,Суб’єкти господарювання","Атестація професіоналів з вищою немедичною освітою, які працюють в системі охорони здоров’я"
"Юридичні особи,Суб’єкти господарювання",Атестація лікарів на присвоєння (підтвердження) кваліфікаційної категорії
"Юридичні особи,Суб’єкти господарювання","Атестація виробництва молока, молочної сировини та молочних продуктів суб’єктів господарювання"
"Юридичні особи,Суб’єкти господарювання",Анулювання ліцензій у сфері централізованого водопостачання та водовідведення
"Юридичні особи,Суб’єкти господарювання",Анулювання ліцензій у сфері теплопостачання
"Юридичні особи,Суб’єкти господарювання","Анулювання ліцензії на транспортування природного, нафтового газу і газу (метану) вугільних родовищ трубопроводами"
"Юридичні особи,Суб’єкти господарювання",Анулювання ліцензії на транспортування нафтопродуктів магістральними трубопроводами
"Юридичні особи,Суб’єкти господарювання",Анулювання ліцензії на транспортування нафти магістральними трубопроводами
"Юридичні особи,Суб’єкти господарювання","Анулювання ліцензії на розподіл природного, нафтового газу і газу (метану) вугільних родовищ"
"Юридичні особи,Суб’єкти господарювання",Анулювання ліцензії на право провадження господарської діяльності з централізованого водопостачання та водовідведення
"Юридичні особи,Суб’єкти господарювання","Анулювання ліцензії на право провадження господарської діяльності з виробництва теплової енергії (крім діяльності з виробництва теплової енергії на теплоелектроцентралях, теплоелектростанціях, атомних електростанціях і когенераційних установках та установ"
"Юридичні особи,Суб’єкти господарювання","Анулювання ліцензії на постачання природного газу, газу (метану) вугільних родовищ за регульованим тарифом"
"Юридичні особи,Суб’єкти господарювання","Анулювання ліцензії на постачання природного газу, газу (метану) вугільних родовищ за нерегульованим тарифом"
"Юридичні особи,Суб’єкти господарювання",Анулювання ліцензії на постачання електричної енергії за регульованим тарифом
"Юридичні особи,Суб’єкти господарювання",Анулювання ліцензії на постачання електричної енергії за нерегульованим тарифом
"Юридичні особи,Суб’єкти господарювання",Анулювання ліцензії на передачу електричної енергії місцевими (локальними) електричними мережами
"Юридичні особи,Суб’єкти господарювання",Анулювання ліцензії на передачу електричної енергії магістральними та міждержавними електричними мережами
"Юридичні особи,Суб’єкти господарювання",Анулювання ліцензії на оптове постачання електричної енергії
"Юридичні особи,Суб’єкти господарювання",Анулювання ліцензії на комбіноване виробництво теплової та електричної енергії
"Юридичні особи,Суб’єкти господарювання","Анулювання ліцензії на зберігання природного газу, газу (метану) вугільних родовищ в обсягах, що перевищують рівень, встановлений ліцензійними умовами"
"Юридичні особи,Суб’єкти господарювання","Анулювання ліцензії на виробництво теплової енергії на теплоелектроцентралях, когенераційних установках та установках з використанням нетрадиційних або поновлюваних джерел енергії"
Фізичні особи,"Усиновлення дитини-сироти чи дитини, позбавленої батьківського піклування"
"Юридичні особи,Фізичні особи,Суб’єкти господарювання",Тимчасове обмеження руху транспорту
"Юридичні особи,Фізичні особи,Суб’єкти господарювання",Скасування дії дозволу на розміщення зовнішньої реклами
"Юридичні особи,Фізичні особи,Суб’єкти господарювання",Сертифікат відповідність закінченого будівництва об'єкта
"Юридичні особи,Фізичні особи,Суб’єкти господарювання",Свідоцтво про атестацію калібрування засобів вимірювальної техніки та вимірювання
"Юридичні особи,Фізичні особи,Суб’єкти господарювання","Реєстрація машини, причепа з дня придбання яких минуло 10 днів"
"Юридичні особи,Фізичні особи,Суб’єкти господарювання","Реєстрація документів, що посвідчують право власності чи користування (оренди) земельними ділянками."
"Юридичні особи,Фізичні особи,Суб’єкти господарювання","Проведення технічної експертизи, аналізу та Видача висновку про технічний стан машини, причепа, що стали непридатними внаслідок аварії чи стихійного лиха"
"Юридичні особи,Фізичні особи,Суб’єкти господарювання","Проведення річного державного технічного огляду машини, причепа."
"Юридичні особи,Фізичні особи,Суб’єкти господарювання","Проведення огляду під час реєстрації, перереєстрації та зняття з обліку тракторного причепа, інших причіпних машин"
"Юридичні особи,Фізичні особи,Суб’єкти господарювання","Проведення огляду під час реєстрації, перереєстрації та зняття з обліку трактора, самохідного шасі, самохідної сільськогосподарської, меліоративної та дорожньо-будівельної машини"
Фізичні особи,Присвоєння поштових адрес окремо розташованим об’єктам будівництва та новозбудованим приватним житловим будинкам
"Юридичні особи,Фізичні особи,Суб’єкти господарювання",Присвоєння будівельної адреси.
"Юридичні особи,Фізичні особи,Суб’єкти господарювання",Прийняття заяви на приватизацію комунального майна
"Юридичні особи,Фізичні особи,Суб’єкти господарювання","Прийняття заяви на включення до переліку об'єктів, які підлягають приватизації ком. майна"
"Юридичні особи,Фізичні особи,Суб’єкти господарювання",Приймання іспиту на одержання посвідчення тракториста-машиніста.
Фізичні особи,Призначення опіки над майном дітей-сиріт та дітей позбавлених батьківського піклування
"Юридичні особи,Фізичні особи,Суб’єкти господарювання",Погодження проектів землеустрою щодо відведення земельних ділянок усіх категорій та форм власності
"Юридичні особи,Фізичні особи,Суб’єкти господарювання",Погодження клопотання водокористувачів з обґрунтуванням потреби у воді для отримання дозволу на спеціальне водокористування (в частині погодження клопотання водокористувачів з обґрунтуванням потреби у воді використання поверхневих вод в межах м. Києва)
"Юридичні особи,Фізичні особи,Суб’єкти господарювання","Погодження відчуження або передачі пам’яток місцевого значення та щойно виявлених об’єктів культурної спадщини їхніми власниками чи уповноваженими ними органами іншим особам у володіння, користування або управління (приватизація)"
"Юридичні особи,Фізичні особи,Суб’єкти господарювання","Погодження відчуження або передачі пам’яток місцевого значення та щойно виявлених об’єктів культурної спадщини їхніми власниками чи уповноваженими ними органами іншим особам у володіння, користування або управління (приватизація шляхом продажу на аукціоні"
"Юридичні особи,Фізичні особи,Суб’єкти господарювання","Погодження відчуження або передачі пам’яток місцевого значення та щойно виявлених об’єктів культурної спадщини їхніми власниками чи уповноваженими ними органами іншим особам у володіння, користування або управління (оренда)"
"Юридичні особи,Фізичні особи,Суб’єкти господарювання","Погодження відчуження або передачі пам’яток місцевого значення та щойно виявлених об’єктів культурної спадщини їхніми власниками чи уповноваженими ними органами іншим особам у володіння, користування або управління (іпотека)"
"Юридичні особи,Фізичні особи,Суб’єкти господарювання","Погодження відчуження або передачі пам’яток місцевого значення та щойно виявлених об’єктів культурної спадщини їхніми власниками чи уповноваженими ними органами іншим особам у володіння, користування або управління (відчуження (продаж, дарування))"
"Юридичні особи,Фізичні особи,Суб’єкти господарювання",Підготовка проекту розпорядження виконавчого органу Київської міської ради (Київської міської державної адміністрації) про надання дозволу на видалення зелених насаджень
"Юридичні особи,Фізичні особи,Суб’єкти господарювання",Переведення житлового приміщення в нежитлове і навпаки
Фізичні особи,Оформлення та видача ордерів
Фізичні особи,Оформлення свідоцтва про поховання
Фізичні особи,Оформлення свідоцтва про поховання
Фізичні особи,Оформлення обміну житла та видача обмінних ордерів
"Юридичні особи,Фізичні особи,Суб’єкти господарювання",Ордер на видалення зелених насаджень
"Юридичні особи,Фізичні особи,Суб’єкти господарювання",Ордер на видалення аварійних та сухостійних дерев
Фізичні особи,"Облік громадян, які потребують поліпшення житлових умов (взяття на квартирний облік)."
Фізичні особи,"Надання повної цивільної дієздатності фізичній особі, яка досягла шістнадцяти років і працює за трудовим договором, а також неповнолітній особі, яка записана матір’ю або батьком дитини."
Фізичні особи,"Надання житлової площі, службових житлових приміщень та приєднання житлової площі та видача ордеру"
Фізичні особи,Надання житла з фонду соціального призначення.
Фізичні особи,"Надання дозволу на укладення угоди стосовно розподілу спадкового майна, одним із спадкоємців якого є дитина."
Фізичні особи,"Надання дозволу на укладення угод стосовно продажу акцій та сертифікатів, право володіння якими мають діти."
Фізичні особи,"Надання дозволу на укладення угод стосовно житла (майна), право власності на яке або право користування яким мають діти."
Фізичні особи,Надання дозволу на укладення договору про припинення права на аліменти для дитини у зв’язку з набуттям права власності на нерухоме майно
Фізичні особи,"Надання дозволу на оформлення нотаріальних заяв, довіреностей від імені дитини"
Фізичні особи,"Надання дозволу на зняття грошових коштів з банківського рахунку, що належить малолітній дитині."
Фізичні особи,Надання дозволу на зміну прізвища дитини.
Фізичні особи,Надання висновку про доцільність усиновлення та відповідність його інтересам дитини
Фізичні особи,Надання акта обстеження житлово-побутових умов проживання дитини або одного з батьків.
"Юридичні особи,Фізичні особи,Суб’єкти господарювання",Містобудівні умови і обмеження забудови земельної ділянки.
Фізичні особи,Зарахування на соціальний квартирний облік
Фізичні особи,Зарахування на облік кандидатів в усиновлювачі.
Фізичні особи,Зарахування на облік громадян як потенційних прийомних батьків/батьків-вихователів.
Фізичні особи,Зарахування на облік громадян як потенційних опікунів/піклувальників
"Юридичні особи,Фізичні особи,Суб’єкти господарювання","Експлуатаційний дозвіл операторам потужностей (об'єктів), що здійснюють в Україні діяльність з виробництва та/або обігу харчових продуктів, підконтрольні санітарній службі (ДЗ «Київська лінійна санітарно-епідеміологічна станція на Південно-Західній залізн"
"Юридичні особи,Фізичні особи,Суб’єкти господарювання","Експлуатаційний дозвіл операторам потужностей (об'єктів), що здійснюють в Україні діяльність з виробництва та/або обігу харчових продуктів, підконтрольних санітарній службі (Київська міська санітарно – епідеміологічна станція/ДЗ «Санітарно-епідеміологічна"
"Юридичні особи,Фізичні особи,Суб’єкти господарювання","Експлуатаційний дозвіл операторам потужностей (об’єктів), які займаються виробництвом харчових продуктів, підконтрольних державній службі ветеринарної медицини та для агропродовольчих ринків"
"Юридичні особи,Фізичні особи,Суб’єкти господарювання",Експлуатаційний дозвіл для провадження діяльності на потужностях (об'єктах) з переробки неїстівних продуктів тваринного походження
"Юридичні особи,Фізичні особи,Суб’єкти господарювання","Експлуатаційний дозвіл для провадження діяльності на потужностях (об'єктах) з виробництва, змішування та приготування кормових добавок, преміксів і кормів"
"Юридичні особи,Фізичні особи,Суб’єкти господарювання","Дозвіл на рух великогабаритних та великовагових транспортних засобів автомобільними дорогами, вулицями та залізничними переїздами"
"Юридичні особи,Фізичні особи,Суб’єкти господарювання",Дозвіл на проведення заходів із залученням тварин
"Юридичні особи,Фізичні особи,Суб’єкти господарювання",Дозвіл на право здійснення туристичного супроводу фахівцям туристичного супроводу у м. Києві.
"Юридичні особи,Фізичні особи,Суб’єкти господарювання",Дозвіл на виконання геологічних вишукувань.
"Юридичні особи,Фізичні особи,Суб’єкти господарювання",Дозвіл на виконання будівельних робіт
"Юридичні особи,Фізичні особи,Суб’єкти господарювання",Державна реєстрація юридичної особи.
"Юридичні особи,Фізичні особи,Суб’єкти господарювання",Декларація про початок виконання підготовчих робіт
"Юридичні особи,Фізичні особи,Суб’єкти господарювання",Декларація про початок виконання будівельних робіт
Фізичні особи,"Встановлення опіки/піклування над дітьми-сиротами та дітьми, позбавленими батьківського піклування"
"Юридичні особи,Фізичні особи,Суб’єкти господарювання",Внесення змін до свідоцтва про реєстрацію машини.
"Юридичні особи,Фізичні особи,Суб’єкти господарювання",Внесення змін до свідоцтва про реєстрацію машини.
Фізичні особи,Внесення змін до свідоцтва про право власності на житло.
Фізичні особи,Внесення змін до облікових справ.
Фізичні особи,Внесення до паспорта громадянина України відмітки про наявність права здійснювати будь-які платежі за серією та номером паспорта
Фізичні особи,"Влаштування дітей-сиріт та дітей, позбавлених батьківського піклування до прийомної сім’ї/дитячого будинку сімейного типу."
Фізичні особи,Влаштування дитини до державного дитячого закладу за заявою батьків.
Фізичні особи,Включення/ виключення до/із складу службових житлових приміщень.
"Юридичні особи,Фізичні особи,Суб’єкти господарювання","Висновок державної санітарно – епідеміологічної експертизи щодо ввезення, реалізації та використання сировини, продукції ( вироби, обладнання, технологічні лінії тощо) іноземного виробництва за умови відсутності даних щодо їх безпечності для здоров’я насе"
"Юридичні особи,Фізичні особи,Суб’єкти господарювання","Висновок державної санітарно – епідеміологічної експертизи на ввезення, реалізацію та використання сировини, продукції ( вироби, обладнання, технологічні лінії тощо) іноземного виробництва за умови відсутності даних щодо їх безпечності для здоров'я населе"
"Юридичні особи,Фізичні особи,Суб’єкти господарювання","Висновок державної санітарно – епідеміологічної експертизи документації на розроблювані техніку, технології, устаткування, інструменти тощо (Київська міська санітарно – епідеміологічна станція)"
"Юридичні особи,Фізичні особи,Суб’єкти господарювання","Висновок державної санітарно – епідеміологічної експертизи документації на розроблювані техніку, технології, устаткування, інструменти тощо (ДЗ «Санітарно-епідеміологічна станція на Південно-Західній залізниці» МОЗ України)"
"Юридичні особи,Фізичні особи,Суб’єкти господарювання","Висновок державної експертизи землевпорядної документації щодо об’єктів, які підлягають обов'язковій (первинній, повторній, додатковій) державній експертизі"
Фізичні особи,"Визначення способів участі у вихованні дитини того з батьків, хто проживає окремо від неї"
Фізичні особи,Визначення місця проживання малолітньої дитини.
Фізичні особи,"Визначення імені та/або прізвища дитини, яка знайдена, покинута в пологовому будинку, іншому закладі охорони здоров’я дитини"
"Юридичні особи,Фізичні особи,Суб’єкти господарювання",Визначення відповідності вимогам навчальних програм матеріально-технічної бази навчального закладу з підготовки трактористів-машиністів та реєстрація навчальних класів і груп з їх підготовки.
"Юридичні особи,Фізичні особи,Суб’єкти господарювання",Видача талона про проходження державного технічного огляду
"Юридичні особи,Фізичні особи,Суб’єкти господарювання",Видача талона попереджень до посвідчення тракториста-машиніста
"Юридичні особи,Фізичні особи,Суб’єкти господарювання",Видача свідоцтва про реєстрацію машини
"Юридичні особи,Фізичні особи,Суб’єкти господарювання",Видача свідоцтва про право власності на нерухоме майно
Фізичні особи,Видача свідоцтва про право власності на житло.
"Юридичні особи,Фізичні особи,Суб’єкти господарювання",Видача свідоцтва на право вивезення (тимчасового вивезення) культурних цінностей з території України.
"Юридичні особи,Фізичні особи,Суб’єкти господарювання",Видача свідоцтв про право власності на житло
"Юридичні особи,Фізичні особи,Суб’єкти господарювання","Видача розпоряджень про приватизацію житла на підставі заяв громадян, які виявили бажання приватизувати займане житло"
Фізичні особи,Видача посвідчень батьків та дитини з багатодітної сім’ї.
"Юридичні особи,Фізичні особи,Суб’єкти господарювання",Видача посвідчення тракториста-машиніста
Фізичні особи,"Видача посвідчення особам, які постраждали внаслідок Чорнобильської катастрофи"
Фізичні особи,Видача посвідчення опікуна або піклувальника
Фізичні особи,Видача посвідчення «Член сім'ї загиблого»
Фізичні особи,Видача посвідчення «Учасник війни»
Фізичні особи,Видача посвідчення «Інвалід війни»
Фізичні особи,Видача погодження про зняття з реєстрації підопічного
Фізичні особи,Видача ордеру на житлову та службову житлову площу.
Фізичні особи,Видача ордерів
"Юридичні особи,Фізичні особи,Суб’єкти господарювання","Видача номерного знака, дубліката свідоцтва про реєстрацію машини, посвідчення тракториста-машиніста, талона попереджень замість втрачених або таких, що стали непридатними"
"Юридичні особи,Фізичні особи,Суб’єкти господарювання",Видача номерного знака «Транзит»
"Юридичні особи,Фізичні особи,Суб’єкти господарювання","Видача номерного знака ""Транзит"""
Фізичні особи,Видача направлень на виготовлення технічних та інших засобів реабілітації
"Юридичні особи,Фізичні особи,Суб’єкти господарювання","Видача копії розпорядження про призначення управителя та затвердження договору про управління майном, що використовується у підприємницькій діяльності та стало власністю дитини"
"Юридичні особи,Фізичні особи,Іноземні громадяни,Суб’єкти господарювання",Видача картки платника податків та внесення до паспорта громадянина України даних про реєстраційний номер облікової картки платника податків з Державного реєстру фізичних осіб-платників податків
"Юридичні особи,Фізичні особи,Суб’єкти господарювання","Видача замість втрачених або таких, що стали непридатними свідоцтва про реєстрацію машини."
Фізичні особи,"Видача замість втрачених або таких, що стали непридатними посвідчення тракториста-машиніста."
"Юридичні особи,Фізичні особи,Суб’єкти господарювання","Видача замість втрачених або таких, що стали непридатними номерного знака «Транзит»"
"Юридичні особи,Фізичні особи,Суб’єкти господарювання","Видача замість втрачених або таких, що стали непридатними державного номерного знака"
Фізичні особи,Видача дубліката свідоцтва про право власності на житло.
Фізичні особи,"Видача довідок про перебування на обліку громадян, які бажають вступити до житлово-будівельного кооперативу"
Фізичні особи,Видача довідок про перебування громадян на квартирному та кооперативному обліку на участь у програмі Доступне житло
Фізичні особи,Видача довідок про перебування громадян на квартирному обліку
"Юридичні особи,Фізичні особи,Суб’єкти господарювання","Видача довідок про наявність земельних ділянок у власності, користуванні чи оренді."
Фізичні особи,Видача довідок про наявність або відсутність заброньованого жилого приміщення
Фізичні особи,"Видача довідок про наявність (відсутність) рішення суду визнання особи недієздатною або обмежено дієздатною, яка призначається на посаду професійного судді вперше"
Фізичні особи,"Видача довідок про відсутність громадян на обліку, які бажають вступити до житлово-будівельного кооперативу"
Фізичні особи,Видача довідок про відсутність громадян на квартирному обліку
Фізичні особи,Видача довідки про участь в приватизації житла державного житлового фонду.
Фізичні особи,"Видача довідки про перебування у списках бажаючих прийняти участь у програмах «Доступне житло» 50/50, 60/40, 70/30."
Фізичні особи,Видача довідки про перебування на квартирному обліку.
Фізичні особи,"Видача довідки про компенсаційні виплати батькам на дітей, які постраждали внаслідок Чорнобильської катастрофи"
"Юридичні особи,Фізичні особи,Суб’єкти господарювання","Видача довідки з питань реєстрації,перереєстрації, відчуження машин у випадках передбачених законодавством"
"Юридичні особи,Фізичні особи,Суб’єкти господарювання",Видача державного номерного знака
"Юридичні особи,Фізичні особи,Суб’єкти господарювання","Видача витягів з книг реєстрації документів, що посвідчують право власності чи користування (оренди) земельними ділянками."
Фізичні особи,Видача висновку про доцільність усиновлення дитини дружини (чоловіка) та відповідність його інтересам дитини.
Фізичні особи,Видача «Посвідчення жертви нацистських переслідувань»
"Юридичні особи,Фізичні особи,Суб’єкти господарювання",Будівельний паспорт забудови земельної ділянки.
Фізичні особи,Бронювання житла та видача охоронних свідоцтв (броні)
Юридичні особи,Видача дубліката оригіналу установчих документів юридичної особи та/або змін до них.
Юридичні особи,Державна реєстрація припинення діяльності юридичної особи.
Юридичні особи,Державна реєстрація змін до установчих документів юридичної особи.
Юридичні особи,Видача ліцензій на товари експорт та імпорт яких підлягає ліцензуванню
